City_ID,City,Lat,Lng,Max Temp,Humidity,Cloudiness,Wind Speed,Country,Date
0,kingston,17.997,-76.7936,31.53,70,75,2.57,JM,1722542332
1,port alfred,-33.5906,26.891,11.77,89,17,0.77,ZA,1722542332
2,mitsamiouli,-11.3847,43.2844,25.43,67,2,2.81,KM,1722542332
3,richards bay,-28.783,32.0377,19.01,80,6,5.47,ZA,1722542333
4,severinia,-20.8094,-48.8028,29.46,20,0,3.98,BR,1722542333
5,antofagasta,-23.65,-70.4,16.6,78,3,1.19,CL,1722542333
6,durban,-29.8579,31.0292,16.51,83,88,4.58,ZA,1722542333
7,nsanje,-16.92,35.262,20.22,72,10,2.66,MW,1722542334
8,dunay,42.8803,132.3375,19.92,97,100,2.61,RU,1722542334
9,kiboga,0.9161,31.7742,18.21,85,68,0.2,UG,1722542334
10,adamstown,-25.066,-130.1015,19.23,93,100,2.85,PN,1722542334
11,grytviken,-54.2811,-36.5092,-4.08,62,90,1.28,GS,1722542335
12,edinburgh of the seven seas,-37.0676,-12.3116,12.96,78,14,15.6,SH,1722542335
13,puerto natales,-51.7236,-72.4875,4.25,93,75,1.54,CL,1722542335
14,trevelin,-43.0858,-71.4639,5.71,99,100,1.14,AR,1722542335
15,wailua homesteads,22.0669,-159.378,26.44,71,40,5.66,US,1722542335
16,port-aux-francais,-49.35,70.2167,4.5,90,100,14.8,TF,1722542336
17,stanley,54.868,-1.6985,18.73,84,20,1.03,GB,1722542336
18,tolanaro,-25.0319,46.9987,19.04,72,20,4.12,MG,1722542336
19,tiksi,71.6872,128.8694,3.19,72,99,0.67,RU,1722542336
20,la passe,45.5549,-0.8967,24.13,82,0,3.94,FR,1722542337
21,sur,22.5667,59.5289,31.83,58,100,6.62,OM,1722542337
22,yellowknife,62.456,-114.3525,14.29,73,75,4.63,CA,1722542337
23,luwuk,-0.9516,122.7875,21.62,88,59,2.26,ID,1722542337
24,ust-nera,64.5667,143.2,3.85,97,99,3.3,RU,1722542338
25,petropavlovsk-kamchatsky,53.0452,158.6483,13.33,100,75,1.0,RU,1722542064
26,fang,19.9169,99.2145,22.14,99,100,1.01,TH,1722542338
27,saint-francois,46.4154,3.9054,24.69,76,0,4.12,FR,1722542338
28,waitangi,-43.9535,-176.5597,7.12,86,64,0.89,NZ,1722542339
29,alofi,-19.0595,-169.9187,20.94,94,29,2.57,NU,1722542339
30,hawaiian paradise park,19.5933,-154.9731,28.18,69,100,1.54,US,1722542339
31,klyuchi,52.2667,79.1667,23.02,46,68,2.95,RU,1722542339
32,fuyu,45.1833,124.8167,20.68,93,99,3.18,CN,1722542339
33,tangalle,6.024,80.7911,25.63,87,100,4.24,LK,1722542340
34,bilibino,68.0546,166.4372,6.1,54,37,1.58,RU,1722542340
35,harper,4.375,-7.7169,23.65,87,100,5.39,LR,1722542340
36,eureka,40.8021,-124.1637,31.48,76,91,1.79,US,1722542340
37,kizhinga,51.8462,109.9097,16.83,57,99,1.07,RU,1722542341
38,saldanha,-33.0117,17.9442,8.03,86,0,5.28,ZA,1722542341
39,hun,29.1268,15.9477,31.88,23,0,3.34,LY,1722542341
40,puerto ayora,-0.7393,-90.3518,26.98,85,70,4.8,EC,1722542341
41,sitka,57.0531,-135.33,14.94,77,100,2.06,US,1722542342
42,port mathurin,-19.6833,63.4167,22.45,74,5,2.49,MU,1722542342
43,blackmans bay,-43.0167,147.3167,4.18,94,95,0.45,AU,1722542342
44,alotau,-10.3069,150.4462,22.86,95,100,2.23,PG,1722542342
45,hays,30.0502,-98.0336,35.49,50,45,4.8,US,1722542343
46,kalemie,-5.9475,29.1947,22.18,48,80,0.62,CD,1722542343
47,susuman,62.7833,148.1667,2.29,84,98,2.11,RU,1722542343
48,ghat,24.9647,10.1728,33.2,15,43,3.46,LY,1722542344
49,jamestown,42.097,-79.2353,31.12,61,75,3.6,US,1722542344
50,flying fish cove,-10.4217,105.6791,23.82,88,20,4.12,CX,1722542344
51,udachny,66.4167,112.4,7.49,65,0,1.43,RU,1722542344
52,fale old settlement,-9.3852,-171.2468,27.52,69,100,8.2,TK,1722542345
53,atafu village,-8.5421,-172.5159,27.84,74,64,8.2,TK,1722542345
54,west island,-12.1568,96.8225,26.99,69,74,4.63,CC,1722542346
55,haiku-pauwela,20.9219,-156.3051,27.87,66,20,8.23,US,1722542346
56,guiglo,6.5456,-7.4966,21.93,99,99,1.94,CI,1722542347
57,shenjiamen,29.9576,122.298,27.3,95,13,6.02,CN,1722542347
58,babu,24.4167,111.5167,24.74,93,19,1.67,CN,1722542347
59,zemio,5.0314,25.1361,21.09,97,15,1.22,CF,1722542347
60,enewetak,11.3474,162.3373,28.36,76,64,4.09,MH,1722542348
61,west bay,19.3667,-81.4167,32.25,75,20,3.09,KY,1722542348
62,margaret river,-33.95,115.0667,11.2,65,93,2.65,AU,1722542348
63,arkhangel'sk,64.5401,40.5433,16.06,100,100,3.0,RU,1722542348
64,waddan,29.1614,16.139,31.78,25,0,5.85,LY,1722542348
65,ribeira grande,38.5167,-28.7,26.22,83,40,3.6,PT,1722542349
66,port lincoln,-34.7333,135.8667,12.59,45,100,6.89,AU,1722542349
67,isangel,-19.55,169.2667,22.23,83,100,3.25,VU,1722542349
68,ushuaia,-54.8,-68.3,3.81,87,40,5.14,AR,1722542349
69,kismayo,-0.3582,42.5454,24.74,81,67,7.97,SO,1722542350
70,talnakh,69.4865,88.3972,19.05,51,100,0.55,RU,1722542350
71,sonepur,20.8333,83.9167,23.98,92,100,6.47,IN,1722542350
72,egilsstadir,65.2653,-14.3948,10.95,87,75,4.12,IS,1722542350
73,longyearbyen,78.2186,15.6401,12.91,67,0,1.54,SJ,1722542351
74,whitehorse,60.7161,-135.0538,12.67,66,75,0.89,CA,1722542351
75,st. john's,47.5649,-52.7093,29.04,64,75,9.77,CA,1722542263
76,aykhal,66.0,111.5,7.17,65,5,1.6,RU,1722542351
77,pasuruan,-7.6453,112.9075,26.94,89,11,1.82,ID,1722542352
78,minas de marcona,-15.2119,-75.1103,18.15,58,10,3.48,PE,1722542352
79,thames,-37.1333,175.5333,10.09,76,64,4.75,NZ,1722542352
80,vadso,70.0744,29.7487,13.09,94,75,6.17,NO,1722542352
81,bambamarca,-6.6833,-78.5333,19.07,48,30,4.22,PE,1722542353
82,coronel oviedo,-25.4167,-56.45,31.55,29,5,4.69,PY,1722542353
83,orange,33.7,-117.7675,31.25,63,92,1.34,US,1722542353
84,carnarvon,-24.8667,113.6333,15.7,63,53,7.63,AU,1722542353
85,kolonia town,6.964,158.206,28.28,73,86,1.92,FM,1722542354
86,invercargill,-46.4,168.35,3.34,92,78,1.34,NZ,1722542354
87,kavaratti,10.5669,72.642,27.38,86,100,6.21,IN,1722542354
88,phan rang-thap cham,11.5667,108.9833,24.37,92,36,1.3,VN,1722542354
89,olonkinbyen,70.9221,-8.7187,5.12,97,100,7.91,SJ,1722542356
90,vernon,50.2581,-119.2691,33.29,23,0,1.03,CA,1722542356
91,bouna,9.2667,-3.0,24.02,86,96,2.78,CI,1722542356
92,utrik,11.2278,169.8474,28.36,77,63,3.69,MH,1722542356
93,afaahiti,-17.75,-149.2833,23.93,61,0,6.18,PF,1722542357
94,vorgashor,67.5833,63.95,15.2,85,48,4.2,RU,1722542357
95,konarka,19.9,86.1167,28.22,83,100,4.71,IN,1722542357
96,albany,42.6001,-73.9662,32.79,50,12,0.45,US,1722542357
97,krasnoural'sk,58.3638,60.0407,13.41,97,74,1.73,RU,1722542358
98,lamu,-2.2717,40.902,24.4,80,3,6.68,KE,1722542358
99,arraial do cabo,-22.9661,-42.0278,22.98,64,0,5.66,BR,1722542358
100,punta arenas,-53.15,-70.9167,6.01,93,100,4.12,CL,1722542237
101,iqaluit,63.7506,-68.5145,7.85,65,40,5.66,CA,1722542358
102,badger,64.8,-147.5333,15.14,71,100,2.57,US,1722542359
103,bonthe,7.5264,-12.505,24.15,95,100,5.05,SL,1722542359
104,ancud,-41.8697,-73.8203,10.64,85,100,11.73,CL,1722542359
105,rasony,55.9089,28.8126,13.25,92,15,2.05,BY,1722542359
106,college,64.8569,-147.8028,15.18,72,100,2.57,US,1722542359
107,gadzhiyevo,69.2551,33.3362,9.72,94,84,5.5,RU,1722542360
108,sandpoint,48.2766,-116.5533,32.6,34,0,0.45,US,1722542117
109,illizi,26.4833,8.4667,35.89,18,0,5.28,DZ,1722542360
110,aasiaat,68.7098,-52.8699,3.37,83,16,2.94,GL,1722542360
111,san carlos del zulia,9.0,-71.9135,36.64,35,100,3.31,VE,1722542361
112,galesong,-5.3166,119.3661,24.01,78,2,1.4,ID,1722542361
113,qaqortoq,60.7167,-46.0333,6.77,80,57,3.58,GL,1722542361
114,papatowai,-46.5619,169.4708,6.97,82,89,1.11,NZ,1722542361
115,iskateley,67.6803,53.1512,14.73,95,100,4.0,RU,1722542362
116,ust'-kulom,61.6864,53.6902,13.18,98,54,1.96,RU,1722542362
117,arbatache,36.6377,3.3713,29.18,66,0,2.06,DZ,1722542362
118,malvan,16.0667,73.4667,26.79,86,100,9.03,IN,1722542362
119,katsuren-haebaru,26.3369,127.8719,29.21,86,0,3.09,JP,1722542362
120,vilyuchinsk,52.9306,158.4028,14.15,91,82,1.17,RU,1722542363
121,uzgen,40.7699,73.3007,26.16,23,97,2.85,KG,1722542363
122,bethel,41.3712,-73.414,34.09,55,0,2.57,US,1722542363
123,wuwei,37.9281,102.6414,17.61,85,100,1.56,CN,1722542363
124,nizhniy odes,63.6445,54.856,13.84,81,39,2.44,RU,1722542364
125,keflavik,64.0049,-22.5624,12.95,76,75,4.63,IS,1722542364
126,thompson,55.7435,-97.8558,26.09,38,40,11.32,CA,1722542364
127,villamontes,-21.25,-63.5,36.69,28,0,9.26,BO,1722542364
128,hadibu,12.65,54.0333,25.59,82,98,9.09,YE,1722542364
129,balangiga,11.1097,125.3875,24.94,89,70,1.33,PH,1722542365
130,cotonou,6.3654,2.4183,25.99,83,40,6.17,BJ,1722542365
131,yayva,59.3303,57.2641,17.32,97,100,1.15,RU,1722542365
132,uvira,-3.4067,29.1458,24.53,55,78,0.42,CD,1722542365
133,tiptur,13.2586,76.4783,20.7,90,100,3.83,IN,1722542366
134,avarua,-21.2078,-159.775,23.03,49,100,1.03,CK,1722542366
135,tabuk,17.4189,121.4443,23.41,93,22,1.58,PH,1722542366
136,port blair,11.6667,92.75,27.02,94,75,0.51,IN,1722542366
137,mpongwe,-13.5091,28.155,17.56,32,0,3.05,ZM,1722542366
138,mount gambier,-37.8333,140.7667,6.82,63,93,4.42,AU,1722542367
139,ta`u,-14.2336,-169.5144,25.66,69,27,9.37,AS,1722542367
140,vila do maio,15.1333,-23.2167,27.44,77,16,6.18,CV,1722542367
141,san patricio,28.017,-97.5169,34.53,52,8,6.26,US,1722542368
142,pandan,14.0453,124.1694,25.86,87,74,2.32,PH,1722542368
143,sayan,-11.1361,-77.1933,26.24,39,27,3.82,PE,1722542368
144,lebu,-37.6167,-73.65,10.68,97,100,5.0,CL,1722542368
145,esquel,-42.9,-71.3167,3.49,99,100,1.55,AR,1722542369
146,eirunepe,-6.6603,-69.8736,36.89,25,43,0.91,BR,1722542369
147,nuuk,64.1835,-51.7216,11.6,54,7,8.05,GL,1722542369
148,puerto princesa,9.7392,118.7353,26.27,83,83,1.1,PH,1722542369
149,new norfolk,-42.7826,147.0587,4.84,97,90,0.93,AU,1722542370
150,labrador city,52.9463,-66.9114,25.66,39,40,4.12,CA,1722542370
151,lompoc,34.6391,-120.4579,32.08,61,0,7.2,US,1722542222
152,anadyr,64.75,177.4833,6.28,86,75,6.0,RU,1722542370
153,kailua-kona,19.6406,-155.9956,26.98,85,40,4.63,US,1722542370
154,isafjordur,66.0755,-23.124,10.02,76,100,14.92,IS,1722542371
155,la'ie,21.6477,-157.9253,28.03,69,80,3.58,US,1722542371
156,caetite,-14.0694,-42.475,21.99,51,8,4.22,BR,1722542371
157,sisimiut,66.9395,-53.6735,12.17,51,11,3.45,GL,1722542371
158,abrego,8.0807,-73.2205,24.17,70,99,1.96,CO,1722542372
159,santa marta,11.2408,-74.199,32.16,70,40,5.66,CO,1722542372
160,sabha,27.0377,14.4283,31.46,20,0,3.01,LY,1722542372
161,new plymouth,-39.0667,174.0833,7.12,100,62,6.77,NZ,1722542372
162,yulinshi,38.2906,109.7494,25.95,45,81,3.18,CN,1722542373
163,piat,17.7905,121.478,24.42,94,71,0.74,PH,1722542373
164,pontian kechil,1.4866,103.3896,25.17,87,79,2.5,MY,1722542373
165,welshpool,52.6597,-3.1471,20.82,88,28,1.02,GB,1722542373
166,quepos,9.4236,-84.1652,27.86,77,83,1.46,CR,1722542374
167,acarau,-2.8856,-40.12,26.21,70,9,8.48,BR,1722542374
168,margate,51.3813,1.3862,20.17,82,64,3.23,GB,1722542374
169,isiro,2.7739,27.616,19.54,98,95,2.21,CD,1722542374
170,manicore,-5.8092,-61.3003,38.89,17,7,1.79,BR,1722542374
171,uturoa,-16.7333,-151.4333,23.67,61,3,6.78,PF,1722542375
172,lihue,21.9789,-159.3672,26.77,68,40,5.66,US,1722542375
173,robertsganj,24.7,83.0667,26.5,85,69,1.01,IN,1722542375
174,emerald,-23.5333,148.1667,5.75,55,0,3.54,AU,1722542376
175,masterton,-40.9597,175.6575,6.72,96,100,1.82,NZ,1722542376
176,tamanrasset,22.785,5.5228,31.95,15,40,2.57,DZ,1722542376
177,cabo san lucas,22.8909,-109.9124,33.61,58,75,5.14,MX,1722542088
178,sao vicente,-23.9631,-46.3919,25.15,70,75,1.54,BR,1722542376
179,mandalgovi,45.7625,106.2708,17.49,77,92,6.16,MN,1722542377
180,svetlyy,54.675,20.1347,16.03,90,49,2.63,RU,1722542377
181,kingman,35.1894,-114.053,35.65,22,100,3.13,US,1722542377
182,kodiak,57.79,-152.4072,13.73,72,0,2.06,US,1722542377
183,port elizabeth,-33.918,25.5701,13.51,88,0,3.6,ZA,1722542378
184,codrington,-38.2667,141.9667,4.42,79,8,4.74,AU,1722542378
185,portland,45.5234,-122.6762,33.39,51,5,1.34,US,1722541822
186,keelung,25.1283,121.7419,28.94,87,1,1.29,TW,1722542378
187,al bawiti,28.3492,28.8659,32.5,19,37,3.61,EG,1722542378
188,nar'yan-mar,67.6713,53.087,14.66,95,100,3.99,RU,1722542379
189,nova sintra,14.8667,-24.7167,25.23,73,20,6.2,CV,1722542379
190,codroipo,45.96,12.9792,22.22,85,100,6.26,IT,1722542379
191,weno,7.4515,151.8468,26.92,79,100,1.71,FM,1722542379
192,inhambane,-23.865,35.3833,17.99,88,0,1.54,MZ,1722542380
193,jayapura,-2.5333,140.7,23.66,94,86,2.2,ID,1722542380
194,puno,-15.8333,-70.0333,17.76,28,7,1.96,PE,1722542380
195,alaghsas,17.0187,8.0168,26.45,57,100,8.84,NE,1722542380
196,alice springs,-23.7,133.8833,3.75,56,4,2.06,AU,1722542380
197,pisco,-13.7,-76.2167,18.03,77,8,4.12,PE,1722542381
198,huarmey,-10.0681,-78.1522,20.28,74,11,3.82,PE,1722542381
199,progreso,21.2833,-89.6667,33.39,92,8,6.48,MX,1722542381
200,coromandel,-18.4733,-47.2003,26.08,29,10,3.94,BR,1722542381
201,sibenik,43.7272,15.9058,26.81,74,4,0.45,HR,1722542382
202,bandarbeyla,9.4942,50.8122,25.12,81,78,15.69,SO,1722542382
203,porto murtinho,-21.6989,-57.8825,38.07,15,0,5.85,BR,1722542382
204,limulunga,-15.0969,23.1376,18.13,21,0,3.2,ZM,1722542382
205,kone,-21.0595,164.8658,16.34,84,100,1.74,NC,1722542383
206,ola,59.5833,151.2833,9.46,90,100,5.97,RU,1722542383
207,doka,13.5167,35.7667,21.01,90,100,4.33,SD,1722542383
208,sovetskaya gavan',48.9723,140.2878,15.43,99,100,3.19,RU,1722542383
209,bredasdorp,-34.5322,20.0403,8.87,89,13,1.8,ZA,1722542384
210,dudinka,69.4058,86.1778,15.5,54,100,2.91,RU,1722542384
211,meiktila,20.8667,95.8667,23.02,95,100,7.34,MM,1722542384
212,nagqu,31.5,92.0,4.57,80,100,2.57,CN,1722542384
213,jianguang,28.1938,115.7836,27.6,78,3,1.91,CN,1722542384
214,cidreira,-30.1811,-50.2056,16.49,87,2,6.93,BR,1722542385
215,turbat,26.0023,63.044,29.08,77,100,4.1,PK,1722542385
216,renqiu,38.6989,116.0936,26.36,85,100,1.97,CN,1722542385
217,crane,31.3974,-102.3501,36.76,26,0,7.52,US,1722542386
218,vorkuta,67.5,64.0,15.2,86,48,3.95,RU,1722542386
219,tralee,52.2704,-9.7026,16.72,82,73,2.38,IE,1722542386
220,touros,-5.1989,-35.4608,24.91,70,4,7.82,BR,1722542386
221,erie,42.7667,-78.6664,31.66,68,3,2.24,US,1722542387
222,leua,48.2156,18.6071,25.28,47,35,3.37,SK,1722542387
223,nogliki,51.8333,143.1667,14.92,95,66,4.0,RU,1722542387
224,wum,6.3833,10.0667,18.93,96,100,0.75,CM,1722542387
225,agnibilekrou,7.1344,-3.2047,21.93,98,75,2.5,CI,1722542388
226,katabu,-4.9333,122.5167,22.73,92,63,1.86,ID,1722542388
227,neon karlovasion,37.7903,26.7044,25.84,64,0,1.62,GR,1722542388
228,tchaourou,8.8865,2.5975,23.38,88,100,2.33,BJ,1722542389
229,gdov,58.7406,27.8122,16.04,88,100,5.5,RU,1722542389
230,hithadhoo,-0.6,73.0833,28.15,79,100,3.99,MV,1722542390
231,knysna,-34.0363,23.0471,10.21,82,0,1.95,ZA,1722542390
232,humberto de campos,-2.5983,-43.4611,27.42,66,69,3.7,BR,1722542390
233,severodvinsk,64.5635,39.8302,16.06,97,100,2.73,RU,1722542390
234,el jadid,33.2549,-8.506,22.06,88,19,5.84,MA,1722542391
235,lautoka,-17.6167,177.4667,18.92,88,20,0.0,FJ,1722542391
236,toropets,56.4978,31.6353,13.37,97,89,3.06,RU,1722542391
237,boukadir,36.0663,1.126,40.4,19,0,1.71,DZ,1722542391
238,ataq,14.5377,46.8319,30.2,47,97,2.57,YE,1722542392
239,vilyuysk,63.7553,121.6247,6.58,76,10,1.38,RU,1722542392
240,tlaltenango de sanchez roman,21.7833,-103.3167,26.33,52,74,2.76,MX,1722542392
241,ilulissat,69.2167,-51.1,6.7,66,32,1.68,GL,1722542392
242,kavieng,-2.5744,150.7967,27.54,81,56,5.18,PG,1722542392
243,cobh,51.8572,-8.2992,16.58,88,40,5.14,IE,1722542393
244,hermanus,-34.4187,19.2345,8.22,78,55,0.05,ZA,1722542393
245,ixtapa,20.7,-105.2,33.46,60,100,1.79,MX,1722542393
246,port saint john's,-31.6229,29.5448,15.49,82,82,3.34,ZA,1722542393
247,trincomalee,8.5711,81.2335,27.01,80,100,10.48,LK,1722542394
248,queenstown,-31.8976,26.8753,12.46,48,93,1.04,ZA,1722542394
249,qujing,25.4833,103.7833,15.32,94,26,1.12,CN,1722542394
250,nelson bay,-32.7167,152.15,11.11,95,68,5.6,AU,1722542395
251,san jose del cabo,23.0589,-109.6977,33.6,52,75,6.17,MX,1722542119
252,marsa alam,25.0757,34.8918,32.77,51,0,3.15,EG,1722542395
253,port augusta,-32.5,137.7667,8.22,50,100,3.64,AU,1722542395
254,along,28.1667,94.7667,21.58,99,82,0.32,IN,1722542395
255,banff,51.1762,-115.5698,28.57,24,70,5.14,CA,1722542396
256,tefe,-3.3542,-64.7114,34.06,49,40,1.03,BR,1722542396
257,rio preto da eva,-2.6994,-59.6997,38.33,21,5,1.47,BR,1722542396
258,castillos,-34.1667,-53.8333,20.43,72,100,3.58,UY,1722542397
259,presidente medici,-11.1753,-61.9014,37.88,15,2,2.18,BR,1722542397
260,north ward,-19.2454,146.8075,14.95,88,92,1.03,AU,1722542397
261,tommot,58.9564,126.2925,10.04,79,91,0.86,RU,1722542397
262,mili,6.0815,171.735,28.07,75,99,3.67,MH,1722542397
263,prince rupert,54.3161,-130.3201,17.05,73,75,4.63,CA,1722542398
264,ulladulla,-35.35,150.4667,8.23,82,25,3.72,AU,1722542398
265,medicine hat,50.0501,-110.6683,30.68,30,20,2.57,CA,1722542398
266,loen,7.7601,168.2307,28.81,75,11,6.66,MH,1722542399
267,mount pearl,47.5166,-52.7813,28.58,64,75,9.77,CA,1722542399
268,kitimat,54.0524,-128.6534,22.6,62,42,1.34,CA,1722542399
269,mejit,10.2753,170.8646,28.21,76,53,3.12,MH,1722542399
270,nyon,46.3832,6.2396,25.17,71,0,2.06,CH,1722542399
271,tayga,56.06,85.6197,16.51,98,87,2.26,RU,1722542400
272,kas,36.2018,29.6377,28.97,45,0,4.63,TR,1722542400
273,hamilton,39.1834,-84.5333,33.29,70,86,1.34,US,1722542400
274,marang,5.2056,103.2059,25.95,90,97,1.74,MY,1722542401
275,ar rutbah,33.0381,40.2848,31.3,18,0,3.14,IQ,1722542401
276,eastham,41.8301,-69.9739,32.19,71,0,3.09,US,1722542231
277,palmer,42.1584,-72.3287,33.14,50,40,5.66,US,1722542402
278,zaragoza,41.6561,-0.8773,30.56,46,0,12.35,ES,1722542403
279,boende,-0.2167,20.8667,25.74,64,34,1.66,CD,1722542403
280,namie,37.4833,141.0,22.62,96,0,1.21,JP,1722542404
281,dobroye,52.8678,39.8109,15.52,71,27,3.19,RU,1722542404
282,taoudenni,22.6783,-3.9836,41.71,14,63,9.9,ML,1722542405
283,saipan,15.1355,145.701,28.39,89,40,3.09,MP,1722542405
284,san ignacio de velasco,-16.3667,-60.95,34.64,19,0,5.67,BO,1722542405
285,argo,37.6333,22.7333,25.99,35,0,1.93,GR,1722542406
286,abu road,24.4833,72.7833,26.06,93,100,5.46,IN,1722542406
287,mangrol,21.1167,70.1167,27.49,87,100,10.57,IN,1722542406
288,aweil,8.7682,27.4002,22.49,82,100,1.44,SS,1722542407
289,polyarnyy,69.1989,33.4478,9.55,94,63,4.99,RU,1722542407
290,birjand,32.8663,59.2211,28.26,16,0,4.12,IR,1722542408
291,lugovoye,42.9094,72.7178,28.03,35,31,4.17,KZ,1722542408
292,nyurba,63.2842,118.3319,6.07,82,0,1.04,RU,1722542408
293,celestun,20.8667,-90.4,28.92,74,32,7.33,MX,1722542408
294,shizuishan,39.2333,106.7694,24.0,50,100,9.92,CN,1722542409
295,cox's bazar,21.4532,91.9798,25.19,94,100,8.18,BD,1722542409
296,kiuruvesi,63.65,26.6167,14.04,97,99,1.3,FI,1722542409
297,airuk,7.2772,168.8203,28.72,75,12,6.09,MH,1722542409
298,orlovskiy,46.8714,42.0592,22.63,34,100,3.47,RU,1722542410
299,puerto aysen,-45.4,-72.7,7.1,100,100,1.65,CL,1722542410
300,plettenberg bay,-34.0527,23.3716,10.57,77,0,2.31,ZA,1722542410
301,mkushi,-13.6202,29.3939,14.46,36,0,2.21,ZM,1722542410
302,thunder bay,48.4001,-89.3168,28.95,58,75,2.57,CA,1722542411
303,simplicio mendes,-7.8539,-41.9103,30.9,31,0,4.81,BR,1722542411
304,laem sing,12.4816,102.0738,27.81,100,100,1.66,TH,1722542411
305,antsiranana,-12.2787,49.2917,22.7,76,11,7.24,MG,1722542411
306,vuokatti,64.146,28.2697,13.92,99,100,1.89,FI,1722542412
307,buka,40.8108,69.1986,31.18,22,79,2.67,UZ,1722542412
308,nadi,-17.8,177.4167,19.0,88,20,0.0,FJ,1722542412
309,saidpur,25.7777,88.8917,26.09,87,100,8.07,BD,1722542301
310,aden,12.7794,45.0367,30.03,63,89,4.59,YE,1722542413
311,ronne,55.1009,14.7066,14.95,88,82,0.51,DK,1722542413
312,banda aceh,5.5577,95.3222,27.37,80,100,2.15,ID,1722542414
313,shingu,33.7333,135.9833,24.4,81,1,1.56,JP,1722542414
314,brezina,33.0989,1.2608,35.07,13,64,5.29,DZ,1722542414
315,tanjung selor,2.8372,117.3642,23.3,98,100,0.88,ID,1722542414
316,antalaha,-14.9003,50.2788,19.55,77,0,3.68,MG,1722542415
317,adrar,20.5022,-10.0711,39.23,6,17,3.47,MR,1722542415
318,vuktyl,63.8567,57.3094,14.85,73,95,2.57,RU,1722542416
319,negresti,46.8333,27.4333,25.11,36,100,0.36,RO,1722542416
320,palikir - national government center,6.9248,158.1611,27.65,73,89,1.89,FM,1722542416
321,dhuusamarreeb,5.535,46.3861,25.46,56,81,10.36,SO,1722542416
322,tome acu,-2.4189,-48.1522,35.0,33,68,0.97,BR,1722542417
323,walvis bay,-22.9575,14.5053,11.16,71,0,2.75,NA,1722542417
324,robertsport,6.7533,-11.3686,24.95,88,100,7.15,LR,1722542417
325,moreira sales,-24.0622,-53.0069,28.59,35,0,6.48,BR,1722542417
326,zhaozhou,45.6833,125.3167,19.77,93,100,3.4,CN,1722542418
327,johvi,59.3592,27.4211,14.9,90,100,4.07,EE,1722542418
328,chui,-33.6971,-53.4616,20.49,75,36,4.43,UY,1722542418
329,nili,33.7218,66.1302,20.37,29,0,4.1,AF,1722542418
330,mendeleyevsk,55.9082,52.2905,14.58,93,41,3.26,RU,1722542419
331,trapani,37.8333,12.6667,26.3,69,0,1.03,IT,1722542419
332,happy valley-goose bay,53.3168,-60.3315,23.17,83,20,1.54,CA,1722542419
333,dadukou,26.5479,101.7054,21.56,84,9,0.8,CN,1722542419
334,shwebo,22.5667,95.7,24.15,92,100,5.31,MM,1722542420
335,cochin,9.9399,76.2602,24.99,88,100,1.88,IN,1722542420
336,pekan,3.4836,103.3996,26.06,91,100,1.46,MY,1722542420
337,urgup,38.6304,34.9116,23.14,48,0,3.1,TR,1722542421
338,tingo maria,-9.2895,-76.0088,30.17,58,20,1.54,PE,1722542421
339,talaja,21.35,72.05,26.98,84,100,8.87,IN,1722542421
340,grand-bourg,15.8835,-61.3148,28.11,75,100,5.27,GP,1722542421
341,viedma,-40.8135,-62.9967,19.17,57,100,4.23,AR,1722542422
342,tura,25.5198,90.2201,23.36,97,100,2.65,IN,1722542422
343,brisas barra de suchiate,14.55,-92.2167,29.82,70,100,1.99,MX,1722542422
344,barpeta road,26.5028,90.9694,25.29,95,95,2.72,IN,1722542423
345,daru,-9.0763,143.2092,24.17,90,100,8.0,PG,1722542423
346,essaouira,31.5125,-9.77,26.72,65,0,7.2,MA,1722542419
347,el calafate,-50.3408,-72.2768,3.11,85,96,2.17,AR,1722542423
348,gaigeturi,33.4644,126.3183,27.03,89,0,1.03,KR,1722542424
349,porto novo,6.4965,2.6036,25.9,88,36,3.72,BJ,1722542424
350,colipapa,9.4726,122.5616,24.96,85,100,1.37,PH,1722542424
351,monrovia,6.3005,-10.7969,24.87,89,100,6.26,LR,1722542413
352,cernavoda,44.3667,28.0167,22.8,53,4,5.3,RO,1722542424
353,yaren,-0.5472,166.916,28.42,69,5,2.71,NR,1722542425
354,kosciusko,33.0576,-89.5876,36.51,36,0,2.82,US,1722542425
355,oliver,49.1831,-119.5524,29.14,21,1,2.97,CA,1722542425
356,taulaga,-11.0553,-171.0883,27.24,62,86,6.78,AS,1722542425
357,cannonvale,-20.2833,148.7,17.66,72,0,6.41,AU,1722542426
358,tayaman,13.2295,120.5726,25.23,84,98,2.46,PH,1722542426
359,constantia,44.1833,28.65,22.61,64,6,6.71,RO,1722542426
360,coquimbo,-29.9533,-71.3436,13.85,87,100,6.17,CL,1722542426
361,bhawanipatna,19.9,83.1667,23.48,94,100,3.03,IN,1722542427
362,great falls,47.5002,-111.3008,32.6,27,0,2.06,US,1722542427
363,saint-joseph,-21.3667,55.6167,20.21,68,66,2.37,RE,1722542427
364,novoishimskiy,53.1981,66.7694,20.71,61,73,2.9,KZ,1722542427
365,nahiyat al fuhud,30.9697,46.7228,39.11,15,0,6.88,IQ,1722542428
366,spencer,43.1414,-95.1444,26.53,75,100,4.66,US,1722542428
367,cestos city,5.46,-9.5828,24.62,86,96,5.53,LR,1722542428
368,yuzhno-kurilsk,44.0306,145.8556,15.84,97,100,3.11,RU,1722542428
369,neiafu,-18.65,-173.9833,23.38,78,75,4.12,TO,1722542428
370,maslyanino,54.3436,84.2111,17.96,91,3,1.9,RU,1722542429
371,sinabang,2.4803,96.3801,26.59,81,100,0.79,ID,1722542429
372,tsiombe,-25.3,45.4833,17.53,67,50,1.1,MG,1722542429
373,kongsvinger,60.1905,11.9977,18.37,65,73,0.6,NO,1722542430
374,villa gesell,-37.2639,-56.973,16.14,83,100,7.12,AR,1722542430
375,playa blanca,28.8643,-13.8281,24.11,88,0,8.92,ES,1722542430
376,puerto carreno,6.189,-67.4859,32.99,52,20,2.06,CO,1722542430
377,mogadishu,2.0371,45.3438,24.63,85,80,7.32,SO,1722542431
378,edmundston,47.3737,-68.3251,28.19,61,100,2.57,CA,1722542431
379,dunedin,-45.8742,170.5036,5.45,88,90,0.45,NZ,1722542300
380,ponta delgada,37.7333,-25.6667,24.4,78,20,3.09,PT,1722542431
381,salalah,17.0151,54.0924,23.96,98,100,2.42,OM,1722542431
382,zvishavane,-20.3267,30.0665,15.97,46,0,3.14,ZW,1722542432
383,gilgit,35.9221,74.3087,28.82,51,27,2.66,PK,1722542432
384,sungailiat,-1.85,106.1333,26.41,85,59,4.17,ID,1722542432
385,selkirk,50.1436,-96.8845,32.82,55,0,3.13,CA,1722542432
386,nizhnesortymskiy,62.4397,71.7603,16.65,70,63,5.82,RU,1722542433
387,alliston,44.1501,-79.8663,32.5,48,56,0.51,CA,1722542433
388,sungai raya,0.7,108.9,25.37,89,100,1.17,ID,1722542433
389,lagunas,-5.2269,-75.6753,34.09,37,59,1.1,PE,1722542433
390,tsetserleg,47.475,101.4542,10.34,98,100,2.29,MN,1722542434
391,san andres,12.5847,-81.7006,30.01,84,20,4.63,CO,1722542434
392,nabire,-3.3667,135.4833,23.88,95,95,1.33,ID,1722542434
393,north haven,41.3909,-72.8595,33.82,59,29,2.24,US,1722542434
394,szombathely,47.2309,16.6216,25.67,99,100,6.04,HU,1722542435
395,las tablas,7.7667,-80.2833,25.65,99,100,2.27,PA,1722542435
396,joetsu,37.1483,138.2364,22.28,95,0,2.15,JP,1722542435
397,miles city,46.4083,-105.8406,35.47,15,0,3.4,US,1722542435
398,pohang,36.0322,129.365,26.14,92,24,2.51,KR,1722542436
399,hancheng,32.5186,112.3522,24.24,95,3,2.95,CN,1722542436
400,jumla,29.2747,82.1838,15.21,92,100,0.25,NP,1722542436
401,pohrebyshche,49.4864,29.2636,19.46,53,100,3.6,UA,1722542436
402,smithers,54.7804,-127.1743,18.18,52,20,2.06,CA,1722542437
403,olyokminsk,60.3736,120.4264,7.41,72,14,0.67,RU,1722542437
404,goiatuba,-18.0125,-49.3547,28.04,23,1,4.47,BR,1722542437
405,georgetown,5.4112,100.3354,27.96,74,20,2.06,MY,1722542437
406,moroto,2.5345,34.6666,18.87,74,18,2.18,UG,1722542438
407,santana do livramento,-30.8908,-55.5328,25.62,75,0,5.73,BR,1722542438
408,ouro preto do oeste,-10.7481,-62.2158,37.33,16,0,1.96,BR,1722542438
409,wamba,8.9333,8.6,22.59,93,100,0.18,NG,1722542438
410,ballina,-28.8667,153.5667,7.1,83,13,5.5,AU,1722542439
411,cabedelo,-6.9811,-34.8339,27.37,74,3,7.24,BR,1722542439
412,touba,8.2833,-7.6833,22.29,95,99,3.15,CI,1722542439
413,marsabit,2.3284,37.9899,21.53,44,37,9.67,KE,1722542439
414,isla mujeres,21.2311,-86.731,32.87,68,9,3.56,MX,1722542440
415,adre,13.4667,22.2,22.88,84,100,3.39,TD,1722542440
416,korla,41.7597,86.1469,26.86,42,0,2.62,CN,1722542440
417,yemetsk,63.4721,41.7941,14.71,94,100,2.21,RU,1722542440
418,kadnikov,59.5022,40.338,13.65,94,97,1.38,RU,1722542441
419,mabaruma,8.2,-59.7833,30.62,58,87,3.04,GY,1722542441
420,ghadamis,30.1337,9.5007,34.58,17,0,3.83,LY,1722542441
421,bardai,11.65,7.2333,23.02,86,100,3.07,NG,1722542441
422,chicoana,-25.1009,-65.5331,31.03,15,100,3.14,AR,1722542442
423,lorengau,-2.0226,147.2712,27.48,80,86,4.11,PG,1722542442
424,veraval,20.9,70.3667,27.36,87,100,9.75,IN,1722542442
425,laojunmiao,39.8333,97.7333,17.45,64,74,0.68,CN,1722542442
426,saint-philippe,-21.3585,55.7679,20.77,67,61,4.08,RE,1722542443
427,bikenibeu village,1.3673,173.1241,28.98,74,20,2.57,KI,1722542443
428,moires,35.0532,24.8744,25.62,50,0,1.34,GR,1722542443
429,dazuocun,24.8862,118.9643,27.72,90,0,6.5,CN,1722542443
430,fiambala,-27.6871,-67.6149,32.73,2,16,10.57,AR,1722542444
431,campulung moldovenesc,47.5333,25.5667,20.21,70,100,0.45,RO,1722542444
432,jincheng,35.5022,112.8328,24.7,87,4,0.74,CN,1722542444
433,nueva palmira,-33.8833,-58.4167,23.28,64,100,6.55,UY,1722542444
434,rongelap,11.1635,166.8941,28.02,79,54,3.2,MH,1722542445
435,ambodifotatra,-16.9833,49.85,23.54,62,0,4.54,MG,1722542445
436,chos malal,-37.3781,-70.2709,13.35,39,100,11.25,AR,1722542445
437,anahuac,27.2333,-100.15,37.56,26,4,8.29,MX,1722542445
438,hultsfred,57.4882,15.8436,14.09,66,15,0.76,SE,1722542446
439,kaiyuan,23.6977,103.3037,20.25,96,100,1.63,CN,1722542446
440,cartagena,10.3997,-75.5144,31.79,70,40,4.63,CO,1722542422
441,singrauli,24.1997,82.6753,24.23,93,100,5.31,IN,1722542446
442,saurimo,-9.6608,20.3916,20.66,19,7,2.03,AO,1722542447
443,tocoa,15.6833,-86.0,30.79,51,100,3.0,HN,1722542447
444,tofol,5.3248,163.0078,28.77,70,98,2.48,FM,1722542447
445,xianning,29.8833,114.2167,26.83,87,96,2.09,CN,1722542447
446,las margaritas,16.3167,-91.9833,20.85,78,100,4.84,MX,1722542448
447,zheleznogorsk-ilimskiy,56.5768,104.1217,10.93,94,1,0.73,RU,1722542448
448,remire-montjoly,4.9167,-52.2667,29.02,79,75,1.54,GF,1722542448
449,kampene,-3.6,26.6667,23.73,40,8,0.25,CD,1722542449
450,pimenta bueno,-11.6725,-61.1936,37.38,17,2,2.8,BR,1722542449
451,nova vicosa,-17.8919,-39.3719,23.64,73,15,6.57,BR,1722542449
452,piti village,13.4626,144.6933,27.16,91,100,6.44,GU,1722542449
453,hassi messaoud,31.6804,6.0729,39.92,12,0,1.54,DZ,1722542449
454,sambava,-14.2667,50.1667,21.03,77,40,6.31,MG,1722542450
455,lobito,-12.3481,13.5456,20.29,83,76,1.39,AO,1722542450
456,brookings,44.3114,-96.7984,28.39,66,20,4.63,US,1722542450
457,pankovka,58.5,31.1999,14.49,98,92,3.02,RU,1722542450
458,horstmar,52.081,7.3054,18.53,95,100,3.44,DE,1722542451
459,namibe,-15.1961,12.1522,17.12,85,51,1.94,AO,1722542451
460,kimbe,-5.5502,150.1429,23.87,92,30,2.11,PG,1722542451
461,nantucket,41.2835,-70.0995,29.52,82,17,8.51,US,1722542451
462,otaru,43.1894,141.0022,22.24,86,11,1.31,JP,1722542452
463,megion,61.0296,76.1136,19.01,92,44,3.62,RU,1722542452
464,funafuti,-8.5243,179.1942,28.0,89,40,2.57,TV,1722542452
465,mersing,2.4312,103.8405,25.95,89,20,2.57,MY,1722542452
466,nangomba,-10.9,38.5,20.74,57,1,1.42,TZ,1722542452
467,tadine,-21.55,167.8833,18.94,74,89,5.51,NC,1722542453
468,pitimbu,-7.4706,-34.8086,27.33,72,4,7.03,BR,1722542453
469,al mutayrifi,25.4788,49.5576,36.19,20,62,1.64,SA,1722542453
470,puerto baquerizo moreno,-0.9,-89.6,23.55,94,75,4.12,EC,1722542453
471,bodaybo,57.8506,114.1933,14.47,71,100,0.87,RU,1722542454
472,nimbahera,24.6167,74.6833,24.69,95,100,4.67,IN,1722542454
473,khanty-mansiysk,61.0042,69.0019,17.06,100,40,0.0,RU,1722542454
474,stiens,53.2623,5.7577,17.99,74,100,2.57,NL,1722542454
475,lycksele,64.5954,18.6735,13.93,82,75,4.12,SE,1722542455
476,sechura,-5.5569,-80.8222,24.55,57,22,6.19,PE,1722542455
477,ippy,6.2679,21.2247,22.42,82,9,1.0,CF,1722542455
478,xinpu,34.5997,119.1594,25.47,92,100,1.11,CN,1722542455
479,dawesville,30.9224,-84.0091,35.38,61,40,1.54,US,1722542456
480,savonlinna,61.8699,28.88,14.03,100,20,1.54,FI,1722542456
481,mata-utu,-13.2816,-176.1745,26.66,68,97,7.21,WF,1722542456
482,kalevala,65.2,31.1667,12.53,98,78,2.27,RU,1722542457
483,gatchina,59.5764,30.1283,16.54,99,43,2.24,RU,1722542239
484,bereznik,62.8551,42.7072,14.79,95,100,1.95,RU,1722542457
485,mandan,46.8267,-100.8896,35.76,31,0,1.79,US,1722542457
486,labasa,-16.4167,179.3833,23.91,82,60,2.19,FJ,1722542458
487,nikolayevsk-on-amure,53.1406,140.73,12.9,98,100,1.65,RU,1722542458
488,kodyma,48.0988,29.1246,21.28,55,58,3.66,UA,1722542458
489,sidhi,24.4167,81.8833,25.8,92,99,3.93,IN,1722542459
490,woodward,36.4337,-99.3904,41.57,40,36,2.85,US,1722542459
491,pujili,-0.95,-78.6833,16.94,62,75,7.72,EC,1722542459
492,sao paulo de olivenca,-3.3783,-68.8725,30.43,61,100,0.47,BR,1722542460
493,churapcha,62.0025,132.4325,4.64,69,11,2.42,RU,1722542460
494,taupo,-38.6833,176.0833,6.09,77,53,4.25,NZ,1722542460
495,sabang,5.8933,95.3214,28.36,77,100,3.77,ID,1722542460
496,okha,53.5739,142.9478,13.02,95,100,5.03,RU,1722542461
497,kill devil hills,36.0307,-75.676,33.01,63,0,2.06,US,1722542461
498,amuntai,-2.4177,115.2494,23.58,97,74,0.51,ID,1722542461
499,boca chica,18.4537,-69.6111,26.31,94,75,2.06,DO,1722542462
500,anna regina,7.2644,-58.5077,29.28,64,28,3.42,GY,1722542462
501,bousso,10.4795,16.7117,23.82,89,100,1.78,TD,1722542462
502,charqueadas,-29.9547,-51.6253,26.92,74,1,2.1,BR,1722542463
503,el colomo,19.05,-104.25,30.88,58,97,4.54,MX,1722542463
504,puerto santa,-8.9906,-78.6456,18.91,79,32,4.48,PE,1722542463
505,butha-buthe,-28.8333,28.5,6.76,56,100,2.86,LS,1722542463
506,pingliang,35.5392,106.6861,20.93,86,98,1.39,CN,1722542464
507,tongliao,43.6125,122.2653,19.71,95,79,3.34,CN,1722542464
508,turabah,21.2141,41.6331,28.33,39,13,6.11,SA,1722542464
509,broken hill,-31.95,141.4333,7.3,59,16,4.9,AU,1722542464
510,oyama,36.3,139.8,25.93,73,5,0.47,JP,1722542465
511,karratha,-20.7377,116.8463,19.11,68,99,6.48,AU,1722542465
512,reggane,26.7158,0.1714,38.54,8,5,7.05,DZ,1722542465
513,fort-shevchenko,44.5086,50.263,26.41,64,2,5.78,KZ,1722542465
514,aracati,-4.5617,-37.7697,26.97,66,14,6.43,BR,1722542466
515,hilo,19.7297,-155.09,28.3,78,100,1.54,US,1722542288
516,attapeu,14.8,106.8333,23.74,95,100,0.27,LA,1722542466
517,santa ana,33.7456,-117.8678,31.34,59,75,3.6,US,1722542466
518,kiunga,-6.1219,141.2906,22.62,100,100,0.95,PG,1722542467
519,jiaojiang,28.6803,121.4428,26.05,99,23,0.92,CN,1722542467
520,lata,40.1629,-8.3327,19.49,90,3,2.36,PT,1722542467
521,barra,-11.0894,-43.1417,29.17,33,0,3.35,BR,1722542467
522,namtsy,62.7161,129.6658,5.7,61,7,1.99,RU,1722542468
523,shira,54.4911,89.9531,14.82,87,25,1.87,RU,1722542468
524,labytnangi,66.6572,66.4183,15.37,94,91,3.61,RU,1722542468
525,santa vitoria do palmar,-33.5189,-53.3681,20.86,72,56,4.58,BR,1722542469
526,miguel ahumada,30.6167,-106.5167,35.64,21,0,2.9,MX,1722542469
527,jiayuguan,39.8167,98.3,19.44,62,68,2.48,CN,1722542469
528,copiapo,-27.3667,-70.3333,13.83,42,93,2.61,CL,1722542469
529,juneau,58.3019,-134.4197,14.67,88,89,1.15,US,1722542470
530,changping,40.2186,116.2197,25.8,74,10,1.45,CN,1722542397
531,taybad,34.74,60.7756,30.01,23,0,9.5,IR,1722542470
532,koungou,-12.7336,45.2042,22.84,73,0,2.57,YT,1722542470
533,paragominas,-2.9667,-47.4833,35.18,25,55,2.54,BR,1722542470
534,holualoa,19.6228,-155.9522,24.91,85,40,4.63,US,1722542471
535,hacienda huancane,-15.8222,-70.8856,11.22,15,2,9.17,PE,1722542471
536,san juan colorado,16.4586,-97.9536,32.71,47,39,3.74,MX,1722542471
537,ziro,27.6333,93.8333,16.7,98,68,0.17,IN,1722542472
538,ribeira brava,32.65,-17.0667,25.95,83,0,3.2,PT,1722542472
539,vilhena,-12.7406,-60.1458,33.12,22,0,4.12,BR,1722542472
540,exu,-7.5119,-39.7242,25.39,51,96,3.28,BR,1722542472
541,howard springs,-12.497,131.047,21.95,94,81,2.29,AU,1722542473
542,qarazhal,48.0078,70.7903,28.46,22,0,3.16,KZ,1722542473
543,sartana,47.1744,37.6927,22.63,55,3,5.07,UA,1722542473
544,primero de mayo,-32.2552,-58.4228,27.53,61,98,8.13,AR,1722542473
545,alajarvi,63.0,23.8167,13.27,99,100,3.02,FI,1722542474
546,pitoa,9.3833,13.5333,24.5,85,100,1.32,CM,1722542474
547,luderitz,-26.6481,15.1594,14.8,48,0,6.8,NA,1722542474
548,eloy,32.7559,-111.5548,38.74,30,89,2.0,US,1722542474
549,greymouth,-42.4667,171.2,-0.18,89,7,3.84,NZ,1722542301
550,charters towers,-20.1,146.2667,12.03,92,0,3.37,AU,1722542475
551,florence,43.7667,11.25,28.92,45,0,0.51,IT,1722542475
552,sao jose da coroa grande,-8.8978,-35.1478,24.46,76,0,5.46,BR,1722542475
553,mozarlandia,-14.7447,-50.5706,34.93,16,24,2.79,BR,1722542476
554,barra velha,-26.6322,-48.6847,20.94,87,100,2.53,BR,1722542476
555,hillsdale,41.0026,-74.0404,35.71,50,20,3.6,US,1722542476
556,igarka,67.4667,86.5833,15.83,76,100,4.58,RU,1722542476
557,high river,50.5834,-113.8687,29.33,27,1,5.97,CA,1722542477
558,kyelang,32.5833,77.0333,9.57,89,81,0.36,IN,1722542477
559,bornu yassu,12.2774,12.5552,23.31,88,100,1.61,NG,1722542477
560,san antonio de pale,-1.4014,5.6325,22.74,80,99,5.55,GQ,1722542477
561,laredo,27.5064,-99.5075,37.16,34,0,6.69,US,1722542478
562,busselton,-33.65,115.3333,10.08,66,94,2.31,AU,1722542478
563,sinop,41.7711,34.8709,15.67,58,0,2.41,TR,1722542478
564,mangaratiba,-22.9597,-44.0406,24.48,82,4,3.68,BR,1722542478
565,cabinda,-5.55,12.2,20.64,85,74,3.57,AO,1722542478
566,ratnagiri,16.9833,73.3,26.33,89,100,8.11,IN,1722542479
567,al jawf,29.5,38.75,32.26,19,0,2.88,SA,1722542479
568,kalmunai,7.4167,81.8167,28.18,72,100,0.65,LK,1722542479
569,rio grande,-32.035,-52.0986,22.06,77,47,6.32,BR,1722542479
570,erenhot,43.6475,111.9767,21.96,65,69,3.92,CN,1722542480
571,natal,-5.795,-35.2094,28.12,54,20,8.75,BR,1722542299
572,brak,27.5496,14.2714,31.78,18,0,4.21,LY,1722542480
573,la crosse,43.8014,-91.2396,29.33,68,87,1.34,US,1722542480
574,leh,34.1667,77.5833,14.67,67,35,2.8,IN,1722542481
575,mossel bay,-34.1831,22.146,10.96,79,0,2.68,ZA,1722542481
576,newman,37.3138,-121.0208,35.19,13,100,1.43,US,1722542481
577,binzhou,37.3667,118.0167,26.47,94,56,2.57,CN,1722542481
578,mount isa,-20.7333,139.5,16.87,39,0,1.54,AU,1722542482
579,garissa,-0.4536,39.6401,24.23,67,58,10.06,KE,1722542482
580,houlton,46.1262,-67.8403,28.23,62,0,3.09,US,1722542482
581,sampit,-2.5333,112.95,23.78,97,68,0.3,ID,1722542482
582,calama,-22.4667,-68.9333,23.27,10,0,9.77,CL,1722542483
583,marka,1.7159,44.7717,24.35,85,72,6.54,SO,1722542483
584,nueva gerona,21.8833,-82.8,31.86,58,3,4.63,CU,1722542483
585,kuching,1.55,110.3333,26.13,97,20,1.54,MY,1722542434
